threshold,tp,tn,fp,fn,accuracy,precision,recall,f1,cost_fp1_fn5,cost_fp1_fn10,cost_fp1_fn20
0.01,473,322,282931,0,0.0028019991118191493,0.0016689954975935414,1.0,0.0033324291858798003,282931,282931,282931
0.02,473,766,282487,0,0.00436688918181626,0.001671614362454057,1.0,0.0033376494621303802,282487,282487,282487
0.03,473,1422,281831,0,0.006678979014965143,0.001675498753117207,1.0,0.0033453923055976973,281831,281831,281831
0.04,473,2514,280739,0,0.01052776270063371,0.001682005035346998,1.0,0.003358361290093544,280739,280739,280739
0.05,473,4272,278981,0,0.016723881491297943,0.0016925862574878156,1.0,0.0033794525001161015,278981,278981,278981
0.060000000000000005,473,7570,275683,0,0.028347772146366565,0.0017128000115876534,1.0,0.003419742687859914,275683,275683,275683
0.06999999999999999,473,13677,269576,0,0.04987205966319618,0.0017515339808701384,1.0,0.0034969429473388483,269576,269576,269576
0.08,473,23030,260223,0,0.08283696242149116,0.00181437383005493,1.0,0.003622175679349387,260223,260223,260223
0.09,472,36963,246290,1,0.1319406751584275,0.0019127742521133724,0.9978858350951374,0.0038182296195926955,246295,246300,246310
0.09999999999999999,471,56285,226968,2,0.20003806489359452,0.0020708849405774734,0.9957716701902748,0.004133174207588894,226978,226988,227008
0.11,471,79244,204009,2,0.28095768452662073,0.0023034037558685447,0.9957716701902748,0.004596175708577089,204019,204029,204049
0.12,471,102089,181164,2,0.3614755080605937,0.0025931125609051117,0.9957716701902748,0.005172754629121181,181174,181184,181204
0.13,470,122854,160399,3,0.4346587905232513,0.0029216318868147376,0.9936575052854123,0.005826133306888474,160414,160429,160459
0.14,470,140731,142522,3,0.4976667630037431,0.003286897169072396,0.9936575052854123,0.006552120726309553,142537,142552,142582
0.15000000000000002,469,156729,126524,4,0.5540486243770398,0.0036931169434535763,0.9915433403805497,0.007358825098457629,126544,126564,126604
0.16,469,170868,112385,4,0.6038819142412045,0.004155811934003225,0.9915433403805497,0.008276933122733329,112405,112425,112465
0.17,469,183537,99716,4,0.6485341491438924,0.0046813395218845135,0.9915433403805497,0.009318683065429474,99736,99756,99796
0.18000000000000002,469,194845,88408,4,0.6883895025482332,0.005276955792837292,0.9915433403805497,0.010498041410184667,88428,88448,88488
0.19,469,204962,78291,4,0.7240471440756222,0.00595479939055358,0.9915433403805497,0.01183850163442,78311,78331,78371
0.2,467,213542,69711,6,0.7542805382657917,0.006654507110490467,0.9873150105708245,0.013219911961614133,69741,69771,69831
0.21000000000000002,465,221054,62199,8,0.7807497374227247,0.0074205285331290696,0.9830866807610994,0.014729873133028178,62239,62279,62359
0.22,464,227349,55904,9,0.8029331115230892,0.00823162077774624,0.9809725158562368,0.01632624338065833,55949,55994,56084
0.23,464,232647,50606,9,0.8216060565475142,0.009085568827100059,0.9809725158562368,0.018004384688512502,50651,50696,50786
0.24000000000000002,461,237148,46105,12,0.8374593798241966,0.009899926985354121,0.9746300211416491,0.019600756818809923,46165,46225,46345
0.25,460,240970,42283,13,0.8509265981968519,0.010761996116323141,0.9725158562367865,0.021288411699370603,42348,42413,42543
0.26,458,244306,38947,15,0.8626773718305689,0.011622890496129933,0.9682875264270613,0.02297005867897086,39022,39097,39247
0.27,457,247317,35936,16,0.8732861986564502,0.012557359931855028,0.9661733615221987,0.024792491726794336,36016,36096,36256
0.28,457,250072,33181,16,0.8829962710502386,0.013585825554432487,0.9661733615221987,0.026794875553340567,33261,33341,33501
0.29000000000000004,455,252635,30618,18,0.8920225851701994,0.014642937598558234,0.9619450317124736,0.028846763456539658,30708,30798,30978
0.3,451,255127,28126,22,0.9007916088056788,0.015781922525107604,0.9534883720930233,0.031049913941480205,28236,28346,28566
0.31,448,257448,25805,25,0.9089614628197628,0.017064716413362283,0.9471458773784355,0.033525405971712934,25930,26055,26305
0.32,447,259699,23554,26,0.9168916489852886,0.018624223990667054,0.945031712473573,0.03652856092179455,23684,23814,24074
0.33,447,261781,21472,26,0.9242297145837886,0.020393266116154933,0.945031712473573,0.03992497320471597,21602,21732,21992
0.34,447,263640,19613,26,0.9307818106201053,0.022283150548354936,0.945031712473573,0.04353966785175084,19743,19873,20133
0.35000000000000003,442,265272,17981,31,0.9365162163495767,0.023991749443630243,0.9344608879492601,0.046782387806943264,18136,18291,18601
0.36000000000000004,440,266755,16498,33,0.9417360411100851,0.02597709292714606,0.9302325581395349,0.05054276032393314,16663,16828,17158
0.37,440,268091,15162,33,0.9464448094288151,0.028201512626586336,0.9302325581395349,0.05474339035769829,15327,15492,15822
0.38,440,269298,13955,33,0.9506989137407217,0.0305661688086141,0.9302325581395349,0.05918751681463545,14120,14285,14615
0.39,439,270378,12875,34,0.9545018785729894,0.03297281057533424,0.9281183932346723,0.06368317980706463,13045,13215,13555
0.4,436,271290,11963,37,0.9577056737838618,0.03516412613920478,0.9217758985200846,0.06774394033561218,12148,12333,12703
0.41000000000000003,435,272083,11170,38,0.960497099314127,0.037483843171046964,0.919661733615222,0.07203179334326876,11360,11550,11930
0.42000000000000004,434,272828,10425,39,0.9631193475395275,0.03996684777603831,0.9175475687103594,0.07659724673490999,10620,10815,11205
0.43,434,273481,9772,39,0.9654208637911225,0.04252400548696845,0.9175475687103594,0.08128101882198707,9967,10162,10552
0.44,434,274032,9221,39,0.9673628782698801,0.04495080269290523,0.9175475687103594,0.08570300157977884,9416,9611,10001
0.45,434,274590,8663,39,0.9693295644389305,0.047708035616137186,0.9175475687103594,0.09070010449320794,8858,9053,9443
0.46,434,275063,8190,39,0.9709966657972833,0.05032467532467533,0.9175475687103594,0.09541607123227437,8385,8580,8970
0.47000000000000003,432,275477,7776,41,0.9724487709973707,0.05263157894736842,0.9133192389006343,0.0995277041815459,7981,8186,8596
0.48000000000000004,431,275853,7400,42,0.973770468691625,0.055037670795556125,0.9112050739957717,0.1038053949903661,7610,7820,8240
0.49,431,276145,7108,42,0.974799630629551,0.05716938586019366,0.9112050739957717,0.10758861707438842,7318,7528,7948
0.5,430,276493,6760,43,0.9760226415626344,0.059805285118219746,0.9090909090909091,0.1122275871068772,6975,7190,7620
0.51,430,276760,6493,43,0.9769636903209434,0.062111801242236024,0.9090909090909091,0.11627906976744186,6708,6923,7353
0.52,430,277027,6226,43,0.9779047390792526,0.06460336538461539,0.9090909090909091,0.12063403001823539,6441,6656,7086
0.53,430,277246,6007,43,0.9786766105326971,0.06680130495572471,0.9090909090909091,0.12445730824891461,6222,6437,6867
0.54,428,277492,5761,45,0.9795365951657585,0.06915495233478752,0.904862579281184,0.12848994296007202,5986,6211,6661
0.55,428,277700,5553,45,0.9802696968201716,0.07155993980939643,0.904862579281184,0.13263092655717384,5778,6003,6453
0.56,427,277950,5303,46,0.9811473040891564,0.07452006980802792,0.9027484143763214,0.1376753183943253,5533,5763,6223
0.5700000000000001,425,278203,5050,48,0.9820319604125106,0.0776255707762557,0.8985200845665962,0.14290517821116341,5290,5530,6010
0.5800000000000001,425,278437,4816,48,0.9828566997737254,0.08109139477199008,0.8985200845665962,0.1487574378718936,5056,5296,5776
0.59,423,278667,4586,50,0.983660291971832,0.0844479936114993,0.8942917547568711,0.1543232396935425,4836,5086,5586
0.6,421,278888,4365,52,0.9844321634252765,0.08796489761805265,0.8900634249471459,0.16010648412245676,4625,4885,5405
0.61,420,279111,4142,53,0.9852146084602751,0.0920648838228847,0.8879492600422833,0.16683217477656406,4407,4672,5202
0.62,420,279348,3905,53,0.9860499214030438,0.09710982658959537,0.8879492600422833,0.17507294706127552,4170,4435,4965
0.63,417,279540,3713,56,0.986716057040948,0.1009685230024213,0.8816067653276956,0.18118618292417987,3993,4273,4833
0.64,417,279734,3519,56,0.9873998153147755,0.10594512195121951,0.8816067653276956,0.18915853935132682,3799,4079,4639
0.65,416,279883,3370,57,0.9879214453381079,0.109878499735869,0.879492600422833,0.19535102136651794,3655,3940,4510
0.66,416,280031,3222,57,0.9884430753614403,0.11434854315557999,0.879492600422833,0.20238384821211386,3507,3792,4362
0.67,416,280138,3115,57,0.9888201997702009,0.1178136505239309,0.879492600422833,0.2077922077922078,3400,3685,4255
0.68,416,280241,3012,57,0.9891832260702227,0.12135355892648775,0.879492600422833,0.2132786465008972,3297,3582,4152
0.6900000000000001,414,280324,2929,59,0.9894687127721816,0.12384086150164524,0.8752642706131079,0.21698113207547173,3224,3519,4109
0.7000000000000001,413,280429,2824,60,0.9898352635993881,0.1275872721655854,0.8731501057082452,0.22264150943396224,3124,3424,4024
0.7100000000000001,412,280526,2727,61,0.9901736182091172,0.13125199107996177,0.8710359408033826,0.22812846068660023,3032,3337,3947
0.72,410,280639,2614,63,0.9905648407266165,0.13558201058201058,0.8668076109936576,0.23448670288818985,2929,3244,3874
0.73,410,280726,2527,63,0.9908714745916836,0.13959822948586995,0.8668076109936576,0.2404692082111437,2842,3157,3787
0.74,409,280831,2422,64,0.9912380254188901,0.14447191805015897,0.864693446088795,0.24757869249394673,2742,3062,3702
0.75,409,280944,2309,64,0.9916362969907587,0.15047829286239883,0.864693446088795,0.2563459730492009,2629,2949,3589
0.76,407,281067,2186,66,0.9920627647801048,0.15696104897801774,0.8604651162790697,0.26549249836921074,2516,2846,3506
0.77,407,281208,2045,66,0.9925597231131443,0.16598694942903752,0.8604651162790697,0.27829059829059827,2375,2705,3365
0.78,407,281389,1864,66,0.9931976625335711,0.17921620431527963,0.8604651162790697,0.2966472303206997,2194,2524,3184
0.79,407,281549,1704,66,0.9937615868831197,0.19279962103268594,0.8604651162790697,0.315015479876161,2034,2364,3024
0.8,407,281794,1459,66,0.9946250960433658,0.21811361200428725,0.8604651162790697,0.34801197092774694,1789,2119,2779
0.81,407,281993,1260,66,0.9953264769531167,0.24415116976604678,0.8604651162790697,0.38037383177570094,1590,1920,2580
0.8200000000000001,406,282171,1082,67,0.9959503182648047,0.2728494623655914,0.8583509513742071,0.4140744518103008,1417,1752,2422
0.8300000000000001,406,282354,899,67,0.9965953067396008,0.3111111111111111,0.8583509513742071,0.45669291338582674,1234,1569,2239
0.8400000000000001,405,282532,721,68,0.997219148051289,0.35968028419182946,0.8562367864693446,0.5065666041275797,1061,1401,2081
0.85,403,282632,621,70,0.9975645517153874,0.3935546875,0.8520084566596194,0.5384101536406145,971,1321,2021
0.86,403,282723,530,70,0.997885283689193,0.43193997856377275,0.8520084566596194,0.5732574679943101,880,1230,1930
0.87,403,282787,466,70,0.9981108534290125,0.46375143843498273,0.8520084566596194,0.6005961251862891,816,1166,1866
0.88,400,282820,433,73,0.9982165892445528,0.4801920768307323,0.8456659619450317,0.6125574272588055,798,1163,1893
0.89,400,282868,385,73,0.9983857665494174,0.5095541401273885,0.8456659619450317,0.6359300476947536,750,1115,1845
0.9,400,282895,358,73,0.9984809287834037,0.5277044854881267,0.8456659619450317,0.6498781478472786,723,1088,1818
0.91,397,282920,333,76,0.9985584683814667,0.5438356164383562,0.8393234672304439,0.6600166251039069,713,1093,1853
0.92,392,282939,314,81,0.9986078117620522,0.5552407932011332,0.828752642706131,0.6649703138252756,719,1124,1934
0.93,388,282965,288,85,0.998685351360115,0.5739644970414202,0.8202959830866807,0.6753698868581375,713,1138,1988
0.9400000000000001,388,282992,261,85,0.9987805135941014,0.5978428351309707,0.8202959830866807,0.6916221033868093,686,1111,1961
0.9500000000000001,385,283019,234,88,0.9988651022465336,0.6219709208400647,0.813953488372093,0.7051282051282052,674,1114,1994
0.9600000000000001,385,283057,196,88,0.9989990342795514,0.6626506024096386,0.813953488372093,0.7305502846299811,636,1076,1956
0.97,383,283089,164,90,0.9991047700950918,0.70018281535649,0.8097251585623678,0.7509803921568627,614,1064,1964
0.98,376,283109,144,97,0.9991505889484925,0.7230769230769231,0.7949260042283298,0.75730110775428,629,1114,2084
0.99,366,283131,122,107,0.9991928832747087,0.75,0.773784355179704,0.761706555671176,657,1192,2262
